target,feature,weight
y,persianas,18126.330443918705
y,20,13198.266196284443
y,protasio,11380.584422835149
y,vasco,11308.184887215495
y,guilherme,10777.07144415006
y,agendar,10432.315748713252
y,pedras,10428.35893187474
y,novas,8862.34854163506
y,porto,8855.026670709252
y,ducha,8344.139202326754
y,unimed,8237.350962184835
y,bom,8141.784737078473
y,visita,7905.05191094568
y,tradicional,7818.265245303104
y,termica,7724.247352251783
y,empreendimento,7419.693375894334
y,supper,7411.327829854097
y,saloes,7232.174989237668
y,ser,7136.321470608003
y,adulto,6885.367877849378
y,informacoes,6768.031655611005
y,comodos,6730.496845974587
y,americano,6643.305701350328
y,capital,6513.978407889721
y,200,6216.561751253437
y,bar,6049.103250560525
y,edgar,6040.422013735399
y,somente,5908.793872807888
y,outros,5893.659664038569
y,poliesportiva,5659.434113685042
y,luminosidade,5631.478643142997
y,louca,5472.477814221522
y,cardoso,5423.720292225946
y,fechado,5328.195262951602
y,garden,5299.976685960137
y,totalmente,5107.12568447087
y,place,4983.445053006333
y,teen,4983.445053006333
y,divididos,4889.482251244364
y,guarita,4868.767053602263
y,coracao,4793.889893347085
y,suites,4779.1172051563435
y,btus,4762.432253030303
y,largo,4616.470198101801
y,amplos,4564.202352236491
y,cuidado,4545.194694937754
y,fundacao,4373.326019460554
y,corretora,4298.404481841484
y,verissimo,4276.253768323921
y,estudantes,4249.652889396006
y,carneiro,4219.090287139654
y,nautico,4164.177974224149
y,ficam,4087.8869051383517
y,rissul,4037.0890347720997
y,sesc,4020.9958262329747
y,final,4016.1992211166216
y,imoveis,3969.2238174550585
y,ofertas,3969.2238174550585
y,rede,3855.2462808709097
y,venda,3815.6607177917904
y,negocio,3763.620683696645
y,hernesto,3693.5939802515495
y,custo,3619.0023125538137
y,maravilhoso,3589.527203024365
y,contate,3569.5850322712213
y,portas,3459.2581998580135
y,ate,3447.2204069601653
y,torre,3377.2137578493493
y,escriturada,3351.710375658433
y,simples,3336.923476962489
y,corredor,3314.715794418473
y,confortavel,3293.400941537926
y,embarcadero,3287.516548451036
y,fischer,3222.0575674136635
y,led,3200.4621876160527
y,137,3167.5831949682324
y,estao,3164.634835880321
y,cacique,3116.448808725574
y,belo,3106.586930648962
y,vias,3092.0299532096215
y,semimobiliado,3026.3599732599687
y,alugar,2991.2996536426945
y,clinico,2928.0124050395098
y,conforto,2926.497669250006
y,aj,2919.2062759405235
y,banho,2878.916082046635
y,kraemer,2831.5383495483547
y,lance,2708.4075599496973
y,ponto,2668.3432832884737
y,predial,2659.9992486373703
y,projeto,2658.622342935647
y,consultores,2625.19115856642
y,estudos,2623.172442191106
y,caminhada,2609.158589204424
y,ligue,2597.990587095963
y,bosque,2586.6909291209886
y,duas,2581.8413374273223
y,ventilacao,2555.4217515046184
y,mail,2547.5465641365736
y,sogipa,2532.0640076985583
y,br,2517.256954387296
y,auxiliadorapredial,2517.256954387296
y,alto,2516.037457339233
y,dentro,2507.1054502861152
y,demetrio,2500.582607581331
y,natureza,2485.512755500874
y,cerca,2479.3571247488726
y,intima,2465.2793541140854
y,perca,2458.0117311201757
y,bairros,2450.3965934829175
y,quadras,2442.5439024659863
y,direito,2409.3209084527334
y,chimarrodromo,2393.835183383373
y,so,2325.12360430666
y,07,2319.98335528154
y,abreu,2318.045803085115
y,casemiro,2318.045803085115
y,administrativo,2300.545062238816
y,roupeiro,2290.665487048682
y,apenas,2287.0330490016204
y,pizza,2281.926655586478
y,espacoso,2265.4191724283846
y,gesso,2260.1085311758216
y,distribuido,2257.3051908169873
y,office,2254.8265033531934
y,escada,2249.1672271458665
y,care,2244.566836922895
y,salvador,2224.1248319254596
y,subsolo,2219.179120759829
y,livre,2189.9788725856342
y,cais,2169.9565111323027
y,numero,2167.522545697284
y,ventilado,2164.2756149118504
y,agora,2157.0073902634904
y,site,2157.0073902634904
y,sinteko,2145.5724255921086
y,camargo,2137.725203836344
y,qualidade,2133.766026927973
y,fiador,2133.6374649756763
y,one,2100.469075780362
y,pintado,2087.078003730683
y,quadra,2032.2437800798798
y,imperdivel,2018.2827874332434
y,pista,2003.7566399354837
y,locar,1966.5428984219325
y,barranco,1959.6862914082594
y,quintana,1922.6016235255229
y,fazer,1910.6329546030029
y,niemeyer,1879.6264529224864
y,cabeceira,1863.0081102741096
y,beira,1858.156604669619
y,guarda,1855.0400676000863
y,nao,1849.7944448774651
y,montanha,1838.0763705827703
y,circ,1829.7416242732143
y,santos,1815.6342795404344
y,habitado,1800.341949369009
y,nunca,1800.341949369009
y,garcia,1796.0290384329855
y,hospitais,1789.3424413383618
y,presidente,1776.3154296531939
y,ultimo,1757.3619613101473
y,ramiro,1747.733506559489
y,inclusa,1744.213850024913
y,aberta,1708.6214047223948
y,valor,1698.3453765249578
y,linda,1678.8601829407016
y,delegacia,1672.502614709927
y,camas,1670.05310372432
y,complex,1664.321670033336
y,mariante,1656.662436833005
y,bento,1645.5318789616285
y,costa,1637.719391578954
y,central,1634.0602751962906
y,espm,1632.9065049912024
y,desconto,1632.0533172924188
y,meses,1632.0533172924188
y,18,1611.028055838222
y,dorneles,1592.210033999174
y,sofas,1528.9468193079392
y,lareira,1526.309691989576
y,atras,1521.6746840276755
y,asun,1520.2986366624536
y,socorro,1515.5194781960963
y,legislativa,1512.8648164375336
y,facilidades,1488.2682903945679
y,alzira,1486.338736135338
y,andrea,1468.9362348387076
y,escola,1458.3973661271739
y,auto,1457.682124645864
y,composto,1456.2700249939226
y,ventiladores,1452.243204362254
y,todos,1437.4745369672105
y,lindoia,1436.4687419386646
y,bordini,1436.0953350693671
y,exclusivo,1422.1058754711412
y,terminal,1416.3037285745668
y,fogo,1410.1469306161162
y,chao,1410.1469306161162
y,conveniencias,1400.6516492423834
y,cristal,1389.8905461202376
y,mario,1382.178324276465
y,pizzaria,1382.0599953597266
y,juncker,1378.2681350172497
y,goldsztein,1374.4163588373922
y,bosco,1372.9102059138168
y,160,1358.8184414507837
y,salao,1353.2054605124576
y,big,1332.1012327480166
y,vento,1307.3030282489617
y,center,1307.1021974272098
y,115,1304.3752726267558
y,pecas,1299.592419554392
y,unisinos,1293.5006581338894
y,lugares,1288.2491588282574
y,floriano,1285.1045286389271
y,pedro,1276.0476274412795
y,locomocao,1269.3526828441536
y,manuel,1268.7425300645118
y,94,1264.8519755140005
y,ofuro,1264.4858567967458
y,dornelles,1245.6058582558908
y,fontoura,1245.29573882767
y,manoel,1233.0313032549311
y,eletronico,1225.3334208399901
y,lado,1220.4460525379982
y,antonio,1219.9995847579048
y,academias,1211.8536871591714
y,regional,1210.117901456746
y,jose,1206.8624913666426
y,super,1205.3075679918438
y,moinhos,1199.9130630077561
y,icarai,1198.9661688458255
y,top,1189.9231203426025
y,barao,1175.0521689450252
y,postos,1169.629547014134
y,abbott,1162.673708737886
y,jacuzzi,1155.8858762515592
y,98535,1155.435675621411
y,0727,1155.435675621411
y,maxxi,1154.1833483389055
y,virtual,1153.1763128378661
y,circuito,1148.6527805876249
y,17,1146.401568687099
y,salgado,1141.3552643387811
y,santa,1139.9145517321303
y,licenciado,1139.6371452829917
y,caldeira,1130.8205631664973
y,smart,1114.2331713078092
y,vila,1114.0401318064833
y,<BIAS>,1107.810994251139
y,lucas,1090.9744149261423
y,bairro,1083.4816978988802
y,orla,1081.1900692079944
y,ambiantes,1078.001496671939
y,pracas,1075.2438962170272
y,quarto,1070.711055346007
y,privativos,1068.555878446321
y,senador,1053.700208743132
y,poltrona,1047.18578142568
y,aranha,1029.167510583079
y,facil,1027.1139045858126
y,associacao,1026.5397754175801
y,106,1021.1031736069126
y,usina,1010.6339195922774
y,seca,990.0845208987594
y,supermercados,989.6112625094393
y,bares,983.8203447597334
y,castelo,979.9315437984187
y,eletrico,974.2620435759673
y,vargas,971.7440263776743
y,roupa,967.8014103464084
y,poucos,967.2931473138888
y,fixa,963.6366088330979
y,poltronas,958.232113967475
y,loucas,958.139419094412
y,ilha,954.7885609529039
y,clinicas,950.3897461832385
y,luminarias,950.1507147286393
y,chuveiro,942.6575936606387
y,jardinagem,940.180356343607
y,lan,924.9109205269488
y,instalado,920.145076864399
y,salas,898.2433803129243
y,carencia,897.4280903236358
y,mobilaido,895.9684674982564
y,anita,895.1046182190767
y,ijui,891.6076385895049
y,bela,886.7185340761498
y,colombo,879.9506545726908
y,96,878.3771391750779
y,linhas,876.1657638546603
y,riachuelo,873.921615396459
y,botanico,863.4004108203335
y,espn,858.2808095763867
y,principais,857.5352510046996
y,praca,845.090112186328
y,vida,844.4990182480542
y,marmore,839.364844603333
y,dercoflex,838.169578703877
y,afonso,835.2993822253775
y,areia,831.2570140357711
y,escrivaninha,831.1225178442292
y,belas,830.79882399278
y,monteggia,830.1253825487001
y,bins,826.2338250119283
y,voltada,825.3697874703212
y,vicentino,823.8842915964779
y,modelo,816.1491740625352
y,jari,815.468171476241
y,cassol,806.6120774145706
y,pode,803.325083414129
y,localizada,785.8836997605395
y,visitantes,780.5671494674607
y,carlos,779.1990811399592
y,erechim,772.8824619970546
y,inverter,768.6261229999945
y,federal,767.8219238872407
y,misericordia,753.1581056505674
y,sports,749.2360021411623
y,marista,743.1536947854329
y,independencia,733.4145347749727
y,parada,710.5370297899499
y,primeiros,708.445403521313
y,closet,696.7223302471175
y,vieira,696.399919684729
y,fernandes,696.399919684729
y,unidade,693.8161634933203
y,municipal,686.2195470664883
y,82,686.150926218892
y,aluga,680.6492731359322
y,york,664.8826492858934
y,loft,661.7352001203835
y,sonho,650.3757661993259
y,conosco,650.3757661993259
y,constant,649.3569864735473
y,monumental,644.6221124899093
y,olimpico,644.6221124899093
y,planejados,641.6277021397837
y,santo,633.5799200634938
y,cinema,625.21611383665
y,aparelhos,616.4226740246231
y,country,610.487332255153
y,garagem,604.8902989204134
y,tambem,598.694986382674
y,flores,594.239576377171
y,americanas,578.4552352495666
y,burguer,577.958601179067
y,114,565.737953238422
y,lustre,563.996547424118
y,restaurantes,561.7147566729777
y,banrisul,555.5600411143669
y,integrado,554.183932715423
y,comodidade,551.6454278380006
y,oportunidade,546.811868256249
y,militar,545.6936167707282
y,farmacias,536.6787093733874
y,santander,533.786553054786
y,hs,531.1925357881119
y,wallig,528.6765648271067
y,elevadores,517.6387607344441
y,estadual,517.3890080492129
y,dr,511.0004670717062
y,femina,501.80315491199144
y,souza,495.607226676977
y,entrada,493.31927187210385
y,tv,487.9452806688096
y,04,481.2425969993201
y,luiz,476.8374699838678
y,26,474.9912934420863
y,emprega,472.60860586410854
y,cabral,471.9556809836249
y,gabinete,466.8345488467603
y,varias,464.8054280729266
y,condominial,460.6389667450567
y,bicicletarios,459.6471973733969
y,minimercado,453.12004482890916
y,espera,451.6686386044312
y,tabuao,450.3416347981656
y,embutidos,450.32248961484584
y,padaria,449.3825811257557
y,sertorio,448.89090176982427
y,hospitalar,446.5469232837299
y,iguatemi,439.89631671091774
y,carrefour,436.6403871329421
y,outubro,432.0636059056578
y,suite,430.5678414872491
y,hidromassagem,429.5064186415475
y,97,423.91612605909177
y,circulacao,417.30672583667183
y,cada,416.6846890980378
y,historico,416.27549544566136
y,itau,415.89234428928467
y,dormitorio,415.5944566206672
y,republica,410.8681918760376
y,reformado,410.6780398218543
y,carro,409.87068370888665
y,piratini,406.0289978389312
y,piscinas,405.96869219753717
y,99,403.5183090715436
y,condicionado,403.242213508659
y,enxuto,402.6711317645095
y,coifa,401.38374511580605
y,parque,398.8034871925893
y,pessoa,396.4161903996137
y,piscina,387.0083715854853
y,ventos,385.8489083029972
y,augusto,383.7680533299572
y,embutida,378.36472869881254
y,03,377.3936379956576
y,duplex,370.3934071268958
y,skate,369.910930969083
y,setembro,366.11695923904335
y,paseo,363.81703036886756
y,110,362.10521025795424
y,barra,359.6747548760177
y,13,358.8817768750887
y,estacionamento,356.5070095977535
y,pereira,352.78652466049243
y,colegio,349.4488783225097
y,sob,347.1326507069607
y,medida,347.1326507069607
y,brasil,343.19257529064635
y,descoberta,338.5534556276907
y,localizacao,332.97969088974787
y,house,332.6587932165712
y,dormitorios,330.0810526982532
y,escobar,328.8176618460857
y,wenceslau,328.8176618460857
y,universidade,326.44956984462624
y,geladeira,325.70769350454066
y,118,314.6557522883886
y,instituto,308.7783594718494
y,cardiologia,308.7783594718494
y,menino,296.2789531877788
y,00,296.18240490942117
y,milano,294.8578850330141
y,plinio,294.8578850330141
y,cadeiras,292.65546275848465
y,privativa,292.0904495306386
y,opcoes,291.4368951638171
y,arena,288.1024034820074
y,shoping,287.49754673389725
y,transporte,286.65761425279925
y,banheiros,285.1315410745301
y,guardar,284.4822088384535
y,12,283.94850289400347
y,05,280.3132516555852
y,cooktop,278.12468158052616
y,aberto,277.8964936909906
y,conceito,277.8964936909906
y,boa,271.46688969037496
y,santana,270.8905922612612
y,lavabo,266.0775220975738
y,laminado,263.31547016895274
y,banheiro,261.4828339385567
y,redencao,256.3610951264709
y,porcelanato,254.38436681604844
y,kubitschek,251.48673998578306
y,juscelino,251.48673998578306
y,higienopolis,249.82250813848805
y,105,248.4951216496902
y,bourbon,248.20073777281505
y,util,247.39762639866967
y,taboao,247.21229103208367
y,juca,243.09797992680978
y,batista,243.09797992680978
y,fernando,242.4864927113813
y,zelador,237.75540097924386
y,bancos,236.358618715356
y,superti,232.9626246099624
y,atilio,232.9626246099624
y,nilopolis,232.718730728011
y,120,232.59007998092784
y,mucio,228.22971945748577
y,teixeira,228.22971945748577
y,lavado,226.02720916311955
y,completamente,225.77092483888555
y,grande,224.22935157478787
y,esquina,222.78434560792766
y,general,214.87036027683644
y,imediacoes,213.92913426400992
y,gourmet,212.18357384591945
y,sushi,210.14396105986089
y,machado,208.11130243679509
y,la,206.3113288792665
y,sacada,203.16243139960352
y,deus,199.27684225865232
y,sala,195.22997196585493
y,barros,194.6203911232733
y,cassal,194.6203911232733
y,minutos,194.20828914194135
y,mobiliado,193.6502435126058
y,hidro,193.39724149223497
y,lima,192.5703380681698
y,edvaldo,192.44601962243905
y,paiva,192.44601962243905
y,geraldo,190.75221869939196
y,lazer,188.74317592227817
y,rocha,186.4110999381519
y,silva,184.8577735980216
y,ipiranga,184.64621662606078
y,balcao,184.58677464575158
y,nonoai,183.32746328033681
y,olavo,182.26245879066119
y,bilac,182.26245879066119
y,24,180.10591752073492
y,tornar,179.31384035031442
y,conte,179.31384035031442
y,realidade,179.31384035031442
y,cama,177.22961026930398
y,massot,176.45728977488034
y,elevador,175.5403215640108
y,goretti,174.61751774123695
y,maria,174.61751774123695
y,perimetral,173.34984655876178
y,135,172.05134784249822
y,guaiba,170.61877566862677
y,montada,168.70220503569726
y,ambientes,164.49838241880934
y,brito,163.87613077068818
y,saturnino,163.87613077068818
y,cozinha,163.64482893396053
y,medeiros,161.12591601657186
y,supermercado,159.49486382036412
y,teto,156.7098069027852
y,bocas,156.0618544293102
y,museu,155.37065664760303
y,churrasqueira,150.71561689183
y,frente,149.3847009310266
y,box,147.01860766231403
y,parquet,145.96712348938354
y,portaria,143.17323397579457
y,forte,142.8625778107671
y,interna,140.50293476329534
y,maquina,140.03562433998013
y,arejado,139.69760787758423
y,diurna,139.49740488484395
y,amplo,133.44590285233426
y,14,132.54454096451082
y,ensolarado,131.25912394261468
y,germano,129.3972785855949
y,francisco,128.74261675964226
y,aquecedor,127.42560931324988
y,sistema,126.66776398135698
y,secar,125.98174513141566
y,posto,125.83925335710774
y,bem,124.5858387360604
y,split,123.66977351006062
y,roupas,122.73038007305149
y,infraestrutura,121.72768087306031
y,campus,120.9810545721848
y,bicicletario,119.80926029662078
y,posicao,119.18129272730744
y,segundo,116.69473257169011
y,nilo,112.19071982693276
y,16,107.90640247947886
y,loureiro,103.3914477395083
y,ondas,99.7527125082197
y,micro,99.7527125082197
y,parte,98.72331057753763
y,tanque,96.28923489301815
y,sul,96.17596927928389
y,manha,95.96157656673313
y,oferecer,92.5932233049266
y,alugue,89.35727519617649
y,burocracia,89.35727519617649
y,spa,89.17077854710078
y,armarios,86.38670417469984
y,proximo,85.57482093436556
y,11,85.50544958448882
y,privilegiada,83.3508918878506
y,externa,80.54629478318384
y,embutido,80.48876801079314
y,pilotis,79.45939666894265
y,teatro,77.26404198471573
y,mercados,74.28033166281239
y,eletronica,74.1209566534817
y,otimo,70.89535731644719
y,ambos,69.27242703107186
y,ceramica,68.72775956977785
y,vaga,66.83235283411341
y,mt,66.02720418119861
y,sendo,62.18472626434959
y,cel,58.44563228573679
y,microondas,57.85033286247199
y,noturna,56.31651691188745
y,sampaio,55.07014888036247
y,tubino,55.07014888036247
y,mercado,51.93873939446348
y,ambiente,49.230764526029816
y,vista,48.51447908211048
y,freezer,47.42854954001814
y,depurador,47.41479174749247
y,localizado,47.21262490557274
y,goethe,45.531304370703765
y,caxias,40.51855901666568
y,duque,40.51855901666568
y,coberta,37.47918589170149
y,rua,37.32712161690506
y,fundos,36.19337623118918
y,lateral,31.222615831082294
y,comercio,30.353978746104985
y,academia,29.521906491048867
y,escritorio,25.411217627464794
y,sofa,25.37432589087257
y,cadeirantes,25.03748118387739
y,servico,23.842929695150815
y,saldanha,20.63246739160968
y,sao,18.69357189684297
y,venancio,7.872457975461657
y,aires,7.872457975461657
y,proxima,6.762551171310406
y,deg,6.240906641498441
y,assis,5.9920684501412325
y,carazinho,2.5816602769245947
y,travessa,2.0866947891772725
y,acrilico,0.7881065243927878
y,fica,0.28181543838582
y,agua,-1.5851181417820044
y,farrapos,-1.828742067420535
y,banheira,-2.0899326758108145
y,master,-2.4744219267740846
y,churrasqueiras,-2.688922851390089
y,junior,-5.434239555732347
y,armario,-5.824758133192518
y,zaffari,-6.6898702507878625
y,ufrgs,-7.667247603800206
y,andar,-8.373339117144496
y,proprietario,-8.596307697196607
y,felix,-11.363268724446243
y,barbosa,-11.500782479703048
y,delmar,-11.500782479703048
y,centro,-12.158044227231585
y,faculdade,-15.332185933250003
y,tarde,-17.08273284038296
y,avenidas,-19.948412923324213
y,72,-20.261878641557814
y,playground,-23.172095410584006
y,secadora,-23.44789869437227
y,oferece,-23.508664443572343
y,terraco,-25.655087883613305
y,americana,-29.287948266779722
y,fitness,-29.806121960558812
y,73,-39.310823868396255
y,televisao,-41.61370769678251
y,melhor,-44.04070094181225
y,orientacao,-44.349663978358876
y,completo,-45.00275111675728
y,auxiliar,-45.45056116316846
y,patria,-51.89848566566849
y,hrs,-53.30079085277248
y,10,-54.08967914726509
y,apartamento,-56.034122477678466
y,pezzi,-56.992229915209464
y,living,-57.73787596546754
y,oeste,-57.946404571172025
y,sinteco,-59.08385426293535
y,ceramico,-59.66208027833818
y,02,-60.26260947183437
y,oscar,-60.518897816155004
y,nobre,-60.593523934076075
y,esportivo,-60.68889630839112
y,rack,-61.58613995171618
y,seguranca,-62.11090432047786
y,prateleiras,-62.92648338415893
y,norte,-63.161824739858275
y,avenida,-63.76803156654205
y,gama,-64.23194120757398
y,espaco,-64.31136762779352
y,matriz,-67.41947188030463
y,brinquedoteca,-67.6351962258268
y,95,-68.78370962449117
y,alfredo,-71.40089321327105
y,77,-74.47237157078416
y,primeira,-76.59397207567235
y,quiosques,-76.86539874519076
y,boulevard,-78.08795737443506
y,situacao,-78.93775002418624
y,conjugada,-80.97918578032113
y,leste,-81.02224955853217
y,total,-84.02135954696132
y,av,-84.35652168171123
y,condominio,-84.73130017457879
y,joao,-85.19069210477755
y,felizardo,-85.55323230810609
y,iluminado,-85.7049242486928
y,puc,-86.21846835406905
y,horas,-87.22924656155533
y,pia,-89.83910667453893
y,catedral,-90.10239161073696
y,metropolitana,-90.10239161073696
y,banquetas,-90.45418533394331
y,castilhos,-94.87893914034703
y,julio,-94.87893914034703
y,panoramica,-95.1546888209632
y,jantar,-96.97433041264594
y,mae,-97.47757187810384
y,hipermercado,-97.89872332494997
y,empregada,-99.35544870307785
y,banco,-102.22081466516829
y,oandar,-104.00314639929184
y,39,-104.79693832174962
y,jk,-107.91804005263839
y,09,-108.60718089332659
y,conceicao,-110.63689657545183
y,professor,-112.3311170849338
y,carros,-113.87441663876075
y,cortinas,-114.8682631025149
y,06,-116.81158575278096
y,leitao,-118.49479432869703
y,whatsapp,-118.88974994432647
y,bicama,-119.13564493946615
y,ventilador,-119.2697989574317
y,vagas,-119.6966911504096
y,niteroi,-121.16885278758491
y,solar,-124.32528959322644
y,terreo,-126.7351526606717
y,piso,-128.90850578738173
y,junker,-132.89633154789044
y,area,-133.55280570256582
y,teresopolis,-133.7046603915078
y,eduardo,-134.2359959480782
y,alta,-136.8543578761164
y,cristo,-139.9311826880512
y,redentor,-139.9311826880512
y,111,-143.3716667195913
y,quiosque,-143.5608455299007
y,relacao,-144.30988635725816
y,semi,-145.30664390283437
y,possui,-147.09228842909943
y,57,-152.3821454291865
y,100,-154.19498015101635
y,felipe,-154.68907606377616
y,mal,-155.63349447056316
y,quente,-156.54945189930731
y,lugar,-157.53446536755655
y,vinilico,-157.80243529055588
y,cavalhada,-159.33310063485806
y,78,-161.81082481735575
y,gremio,-165.40751466760412
y,dias,-166.22701803101518
y,iluminacao,-169.8523466347906
y,vidro,-170.28253379735725
y,dependencia,-172.57552279822266
y,borges,-174.16776596722798
y,75,-174.8074555325452
y,tenente,-176.8371634081268
y,tarrago,-176.8371634081268
y,ary,-176.8371634081268
y,87,-179.20528433560685
y,social,-182.14793849868147
y,prateleira,-182.71263625094434
y,gasometro,-191.9226474831521
y,fapa,-195.4256941544676
y,fogao,-195.83801006391877
y,01,-198.26849613646255
y,flat,-198.7101401933396
y,prado,-200.21581562510255
y,azenha,-206.0220593932172
y,mesa,-210.60232054669723
y,disponiveis,-213.61514234135393
y,possibilidade,-214.53425206060638
y,zeladoria,-218.5515257777388
y,08,-220.47220700213074
y,despensa,-229.25849174369796
y,estilo,-229.4895540816069
y,recentemente,-229.5823648123478
y,ferreira,-230.53376189347182
y,83,-235.36404204431892
y,encol,-242.70820243567687
y,conta,-249.4792704070278
y,patio,-251.99094314863214
y,lojas,-254.6236528456502
y,decorflex,-255.97385882472008
y,dois,-256.74589521552844
y,passo,-265.00820349904825
y,correa,-267.8912399651599
y,aereo,-276.9183402942026
y,alem,-277.7555348696187
y,individual,-278.80998963980164
y,hall,-280.66441735877015
y,automovel,-285.0866224338679
y,79,-289.2869085658822
y,economica,-289.8360469030822
y,caixa,-289.8360469030822
y,solteiro,-291.27740624097714
y,todo,-294.4951142377686
y,velho,-297.364996568027
y,campos,-297.364996568027
y,nacional,-298.1306863264472
y,101,-298.54145477025304
y,pequeno,-306.11781461306964
y,andre,-306.1995722709107
y,jogos,-306.2436262516294
y,hospital,-307.80438369636613
y,benjamin,-308.3433213622193
y,deste,-313.56262008770136
y,102,-313.8722793140478
y,ciclovia,-318.0732504875632
y,entorno,-319.27825302536075
y,anda,-323.7335565765825
y,integrada,-327.7826244944281
y,grecia,-331.8070791381833
y,coronel,-332.34835306939203
y,aparicio,-333.4451691683935
y,74,-336.8238353915294
y,painel,-342.4839795109192
y,56,-344.65663528713685
y,frio,-346.34788157277944
y,carpete,-349.7494640280838
y,coletivo,-351.82606786890756
y,atacado,-353.2313488824875
y,uniritter,-353.8029502105028
y,ruas,-354.8718460878979
y,onibus,-358.36835123385026
y,25,-363.09531871899526
y,janelas,-364.4797512156365
y,80,-369.8365273327472
y,cidade,-372.69004050259537
y,frei,-373.4681912972883
y,josue,-380.2064190278761
y,ribas,-380.2064190278761
y,degandar,-380.75275906611205
y,branco,-381.74711890652543
y,local,-383.4428014694313
y,dupla,-386.28844493047654
y,inducao,-387.421851105988
y,71,-400.56774932247936
y,sociais,-405.97478577545553
y,aberturas,-406.6340852856083
y,coletiva,-407.7485675363364
y,silveira,-407.848308210072
y,germania,-410.11575267873195
y,70,-432.1444419241234
y,praia,-433.3614201550554
y,cunha,-433.61181490739546
y,predio,-435.378946561279
y,confira,-438.5974819418043
y,fechada,-441.0807960483053
y,camarao,-441.212110316148
y,otima,-442.79057192783546
y,claudino,-443.8609417421394
y,outras,-443.9577255350305
y,99815,-444.7500901323947
y,6222,-444.7500901323947
y,anderson,-444.7500901323947
y,ar,-444.9683122159913
y,98,-445.0551636459131
y,103,-445.4109648494705
y,61,-446.33210706698446
y,decoracao,-446.42579045913226
y,faculdades,-447.0960505676085
y,32,-449.5639540323027
y,64,-450.5469646340839
y,oliveira,-451.68611820802107
y,69,-453.27913011381315
y,garibaldi,-456.4959773176961
y,89,-462.89910229478846
y,66,-462.9674443546901
y,padrao,-463.4709266886348
y,outro,-466.8767871685923
y,81,-468.3060091544137
y,zanella,-471.27622868090657
y,completa,-471.79674188081117
y,gen,-472.88027779273034
y,44,-473.3316158890739
y,publico,-473.4273541805014
y,atender,-476.26755401375976
y,sportcenter,-476.26755401375976
y,projetado,-476.26755401375976
y,destinados,-476.26755401375976
y,acessibilidade,-476.26755401375976
y,46,-479.9207211969033
y,rosario,-480.15785564775797
y,excelente,-480.94600577573874
y,restaurante,-484.21329534806137
y,aloisio,-486.6357476322155
y,biblioteca,-488.34356128351646
y,farroupilha,-490.0881635810365
y,67,-491.433456092971
y,construcao,-495.1621820834698
y,andradas,-498.1735335167541
y,002,-499.1469592683643
y,90,-499.21826282717666
y,60,-500.7707738484605
y,dutra,-503.23971350016654
y,tarso,-503.23971350016654
y,policia,-503.3459633833263
y,valparaiso,-503.37637312503057
y,jardim,-505.8775607836142
y,camera,-506.17651791321623
y,shopping,-506.89717306414605
y,bancada,-507.33595963534935
y,caldas,-507.5088746056208
y,prof,-510.17323603229306
y,osvaldo,-512.3056080728966
y,novo,-514.3172305516091
y,59,-517.7861963317991
y,alencar,-523.3814596116317
y,68,-532.5111390753482
y,108,-533.1523773292356
y,41,-534.0623242576839
y,coberto,-536.861213854485
y,50,-546.8430210500806
y,49,-548.1653584174155
y,cristovao,-551.0619867524802
y,45,-558.8115251776235
y,marinha,-562.3671618181506
y,cobertas,-567.5367253065924
y,espirito,-568.8387672316749
y,dom,-569.8715552924841
y,sol,-570.4389887037978
y,lavar,-572.4743885955395
y,38,-572.7405301423787
y,35,-573.4650851544866
y,granito,-578.5568451962899
y,91,-581.3979311631992
y,55,-585.102826136339
y,tranquila,-586.3521716143787
y,triunfo,-592.2758885761264
y,pasqualini,-594.7320658812532
y,neves,-604.1320399444321
y,senhora,-610.6525860252805
y,65,-621.6507233237207
y,saidas,-626.4629757764633
y,85,-626.5082650169206
y,igreja,-627.4680427258281
y,zona,-629.4045274284872
y,palacio,-633.4662284693713
y,rotativo,-633.7457908800279
y,martins,-641.4077888509491
y,toda,-643.1664410779485
y,42,-649.6336928695855
y,imovel,-650.3772557908087
y,40,-651.181802262081
y,camoes,-652.4602986541577
y,anchieta,-654.6493232852663
y,casal,-655.7622436739039
y,casa,-657.2531964638765
y,alfandega,-658.7565009687096
y,dona,-660.3284469904893
y,partenon,-662.1256059918232
y,todas,-662.3431251242655
y,armelin,-669.8938172726776
y,confeitaria,-669.8938172726776
y,52,-675.0417409916299
y,43,-683.7693175739842
y,corretor,-686.483117629502
y,estrada,-686.4876014678448
y,54,-687.2996001546562
y,leonardo,-689.0616686976282
y,maravilhosa,-693.6386301647144
y,109,-710.9119283517139
y,mauricio,-712.9217745146598
y,pecanha,-713.6430504102609
y,31,-715.0582189994057
y,fit,-717.6255471208679
y,estante,-718.6527095818124
y,104,-720.1421035397889
y,tenis,-720.6873791310863
y,atendimento,-723.9214686155483
y,bourboun,-724.6924390308232
y,contra,-725.1222289860016
y,incendio,-725.1222289860016
y,cameras,-725.8140044466709
y,58,-728.5982345582306
y,escolas,-729.9096595489809
y,pombal,-741.1334806211526
y,frigobar,-742.8864521544601
y,acesso,-743.3065174782969
y,pucrs,-752.3204507756418
y,alberto,-759.6180045911442
y,princesa,-763.6053838180378
y,isabel,-763.6053838180378
y,torneiras,-764.9261125189951
y,adda,-769.0000548066473
y,moraes,-769.0000548066473
y,mascarenhas,-769.0000548066473
y,amrigs,-769.3761174445099
y,tudo,-769.9116311845719
y,cecilia,-773.5686950917298
y,clube,-775.0206390562234
y,48,-780.0881742061247
y,voluntarios,-781.3243409880561
y,umida,-785.678136066359
y,forno,-786.3667733618058
y,116,-791.8138431148873
y,laboratorio,-795.7433169186115
y,donald,-795.7433169186115
y,getulio,-803.8779086487266
y,21,-805.3943005353794
y,112,-805.6255207804788
y,rebaixado,-810.3998785482836
y,marechal,-811.317489818568
y,monitoramento,-811.646581136737
y,53,-814.3057255944295
y,beneficios,-815.8357714007143
y,recem,-818.6725345915183
y,decorado,-818.9954480914967
y,servicos,-823.8182322137586
y,desocupado,-831.5017180363357
y,nova,-831.6270104461291
y,duplo,-840.638646452775
y,ernesto,-855.1587958309101
y,92,-858.3895697038824
y,corpo,-859.0222292513645
y,rotativa,-865.1038996723801
y,gomes,-865.6097813520173
y,aeroporto,-870.3134455297695
y,silencioso,-871.7156238058378
y,complexo,-872.0591578607855
y,lindo,-875.7819818602875
y,estar,-877.3382815921213
y,neto,-880.2569634658139
y,47,-880.5314596828721
y,filho,-884.1979439850475
y,esef,-895.7125291244593
y,festa,-899.8519415943592
y,aceita,-904.0716155692935
y,mexico,-907.4861491797419
y,som,-910.1478088969598
y,pessoas,-912.4076913625322
y,30,-943.4439186295203
y,bonita,-943.7710805485258
y,ipanema,-948.043514841891
y,36,-952.121084851542
y,rio,-952.6368329723773
y,toca,-956.5632286394539
y,bruxa,-956.5632286394539
y,primeiro,-963.7334655564046
y,coletivas,-966.2442181781771
y,gecepel,-988.7636176476299
y,vicente,-999.2539504543656
y,humaita,-999.532985681406
y,51,-1006.1347988306079
y,63,-1006.9738073581757
y,34,-1021.3514151941126
y,club,-1046.4164267364322
y,deposito,-1047.918078878225
y,conservado,-1051.6104931434602
y,medio,-1053.9827899300435
y,gerador,-1066.787816628901
y,lavanderia,-1067.2557894227793
y,aquecimento,-1068.9004214580418
y,tipo,-1079.4655833848228
y,distribuidas,-1084.8027715455974
y,86,-1103.2807235538203
y,15,-1107.1943588036847
y,parcao,-1115.753141893525
y,embarcadeiro,-1118.1249767950503
y,estendido,-1123.0342653667576
y,patrocinio,-1126.6393876131206
y,porteiro,-1132.421454498428
y,farmacia,-1154.625956439726
y,benefica,-1162.495910018828
y,free,-1176.7515155050278
y,way,-1176.7515155050278
y,28,-1192.5948103619885
y,62,-1198.9054516589676
y,126,-1208.7076665472123
y,interno,-1214.7370853565153
y,colchoes,-1219.1264121640415
y,crossfit,-1233.3884740863941
y,lava,-1241.2102474080748
y,distribuidos,-1242.1082517077562
y,metros,-1244.7143531292459
y,brigada,-1255.3626013737812
y,tulio,-1266.629479049181
y,rose,-1266.629479049181
y,aquecida,-1272.6311134164835
y,locacao,-1274.0930105637526
y,ii,-1288.601247022194
y,pra,-1291.358263243761
y,universidades,-1309.3657382437814
y,langsch,-1309.5607584211102
y,gustavo,-1309.5607584211102
y,ines,-1325.8708498615888
y,comodidades,-1335.6888291190699
y,arborizado,-1343.779208329448
y,23,-1352.0993087270544
y,junto,-1358.3461587841157
y,individuais,-1373.2554323813893
y,medplex,-1380.0123979501805
y,colchao,-1385.0158929775062
y,televisor,-1395.351016687884
y,barcelos,-1415.3003359845025
y,temperado,-1415.752928272006
y,gaucho,-1418.8551012068638
y,carvalho,-1419.6729769913945
y,porta,-1427.374321655545
y,gas,-1428.4510614141036
y,eletrica,-1431.7013952078996
y,goncalves,-1440.2497637881606
y,planejado,-1447.244141548872
y,strip,-1459.2824557955028
y,37,-1470.1958149118145
y,exaustor,-1483.3799018045538
y,chagas,-1490.4198098922498
y,estadio,-1504.712297399201
y,adicione,-1510.3361240653321
y,lobo,-1520.1452663982564
y,sete,-1544.0866328986558
y,107,-1548.5894323701214
y,pinheiro,-1553.782501029753
y,comercial,-1560.2198692574457
y,arborizada,-1563.0631572193233
y,espelho,-1565.3769221740658
y,festas,-1567.4833238243878
y,sanca,-1577.847950772688
y,taunay,-1593.0089603032102
y,diversas,-1593.0637576447334
y,119,-1597.0191863252549
y,otto,-1672.1278442737384
y,rapido,-1697.0368226110877
y,pronto,-1715.8959684062283
y,pintura,-1725.604326372384
y,king,-1728.299522525369
y,loja,-1741.121017150057
y,panvel,-1750.7956724089745
y,home,-1779.964465132216
y,petropolis,-1785.0772227136185
y,pontos,-1785.9030955070193
y,acorianos,-1786.0900303061935
y,baltazar,-1798.00276227016
y,geral,-1811.1179810292087
y,elias,-1817.8441840229934
y,infra,-1821.1218937045196
y,estrutura,-1821.1218937045196
y,lanchonetes,-1822.0012457912962
y,sauna,-1836.8701241644158
y,edificio,-1847.5566929768538
y,amazonas,-1856.1359213981195
y,portao,-1911.1235857456923
y,mc,-1918.682342534652
y,lar,-1950.3115747559932
y,indicado,-1962.0740526033405
y,onde,-1992.3995493438488
y,venha,-1993.207483925089
y,lotacao,-2001.8573033229914
y,forum,-2029.2927896833971
y,esporte,-2030.8614134066738
y,shoppings,-2070.1532762422576
y,alarme,-2080.637326289201
y,bocha,-2093.130934082903
y,saude,-2093.5884103365242
y,ampla,-2103.7109217863763
y,ribeiro,-2126.623853201352
y,disponivel,-2138.29524273728
y,lopo,-2143.3387608831617
y,perto,-2152.9809543058072
y,mobiliados,-2153.126281192992
y,tres,-2160.6808267689485
y,splits,-2162.0938957264298
y,keppler,-2209.279405264784
y,esportes,-2224.5482755425037
y,transportes,-2245.5236433514165
y,senac,-2295.635189822584
y,assembleia,-2296.136127983329
y,escadas,-2298.3536690298934
y,triangulo,-2318.416442804206
y,direta,-2340.0241896659136
y,27,-2355.9780108109553
y,5000,-2357.960080409306
y,algumas,-2386.4943394931033
y,gasolina,-2414.7915417328477
y,instalada,-2449.4326366483147
y,moveis,-2473.4044261490344
y,reunioes,-2490.8895012768517
y,impecavel,-2511.7151661892713
y,76,-2523.8106410008113
y,franca,-2527.3500659713027
y,fotos,-2537.985562618691
y,renner,-2580.7788531553815
y,recursos,-2583.05379854521
y,cristiano,-2591.344412295686
y,iapi,-2607.7562494017184
y,gaucha,-2621.989688202273
y,84,-2629.4012148673646
y,170,-2656.053746612888
y,inacio,-2657.748192854764
y,kids,-2698.2798330425285
y,morar,-2705.8843489213614
y,atraves,-2733.56587964599
y,lances,-2756.7004139872297
y,marques,-2784.0024014556257
y,meia,-2847.9998872939905
y,baixa,-2864.569390224293
y,praticidade,-2871.57852580003
y,churrascaria,-2886.845035494087
y,inclusive,-2976.950901705379
y,padre,-3000.927679702174
y,esportiva,-3010.243427518988
y,europa,-3049.787372829269
y,adega,-3050.234543634717
y,amplas,-3055.5510901114285
y,superior,-3071.9938245358644
y,ideal,-3074.0847727017535
y,beneficio,-3075.29034816239
y,pampa,-3143.9836646949116
y,maiores,-3160.745623722847
y,limpeza,-3173.983864973903
y,linha,-3199.9604451365885
y,residencial,-3203.3531983386492
y,139,-3212.4857493693708
y,estado,-3236.747593604261
y,uniao,-3248.7835251804136
y,protecao,-3304.104066133499
y,tela,-3304.104066133499
y,telefone,-3369.5593221800373
y,verde,-3373.861067900667
y,salle,-3398.626280067663
y,opcao,-3445.5972416559234
y,encontra,-3451.768960685353
y,revitalizado,-3477.5683967079967
y,cobertura,-3500.0355719818035
y,cultura,-3506.396445493214
y,qualquer,-3527.4970684805885
y,teather,-3548.8658373734215
y,pires,-3551.657108452171
y,castro,-3551.657108452171
y,pizzarias,-3574.702769941464
y,locais,-3574.702769941464
y,separada,-3575.6571791261667
y,habib,-3656.3301025163382
y,etc,-3673.607569155509
y,campestre,-3685.781984030269
y,regiao,-3725.5189266360885
y,itens,-3726.848815833684
y,fim,-3806.2821735975176
y,pe,-3809.7487493231893
y,podendo,-3847.0453125783824
y,bicicleta,-3856.617071162327
y,mobiliada,-3859.7718015844002
y,ja,-3866.7972371392243
y,usada,-3899.4857496526092
y,quartos,-3917.3046955841673
y,paisagismo,-3940.540623445413
y,necessidades,-3961.5776997469366
y,direto,-4010.151670822306
y,auxiliadora,-4032.81877563936
y,ensino,-4064.7322041625157
y,apto,-4088.9124500002945
y,erico,-4171.984305750288
y,varanda,-4177.278363736492
y,aluguel,-4178.205642124172
y,aparece,-4215.161902688094
y,planejada,-4245.392183572752
y,ainda,-4285.187520502892
y,muita,-4302.373742686032
y,ensolarada,-4335.051672383212
y,marque,-4455.351900624752
y,alemao,-4571.644498288966
y,supermago,-4760.543417301087
y,aquecido,-4792.578725022016
y,proprio,-5032.60499769602
y,arejados,-5042.837967663218
y,baixo,-5076.671360420834
y,raia,-5172.208398351697
y,contato,-5198.659786862976
y,luminaria,-5210.717601466633
y,ibere,-5264.676279925508
y,copa,-5516.729933232324
y,ondes,-5639.390436479822
y,contando,-5668.600898414385
y,150,-5684.098209502903
y,parede,-5878.824774312321
y,terceiro,-5940.13351833669
y,proximidades,-6073.045197654661
y,anuncios,-6423.430231818173
y,saunas,-6492.5231029758725
y,voce,-6515.942942255177
y,calma,-6547.180681419559
y,infantil,-7100.015474974061
y,poucas,-7111.70593319647
y,oferecem,-7153.558695424879
y,natural,-7307.82517979636
y,janela,-7557.863394784741
y,pet,-7999.043009236455
y,agende,-8049.583938559856
y,alegre,-8240.011309757829
y,eletrodomesticos,-8245.930712656293
y,colegios,-8313.03211532574
y,veador,-9450.980529516935
y,jesus,-9591.057845426723
y,sobreposta,-9605.393621209078
y,skatepark,-10241.826648394577
y,belissimo,-10791.608056269586
y,alves,-11249.671656444669
y,121,-11507.25831252907
y,bradesco,-13705.511285066605
y,perene,-14871.213616520166
